﻿<?xml version="1.0" encoding="utf-8"?><Search><pages Count="19"><page Index="1"><![CDATA[]]></page><page Index="2"><![CDATA[]]></page><page Index="3"><![CDATA[]]></page><page Index="4"><![CDATA[]]></page><page Index="5"><![CDATA[]]></page><page Index="6"><![CDATA[]]></page><page Index="7"><![CDATA[]]></page><page Index="8"><![CDATA[]]></page><page Index="9"><![CDATA[]]></page><page Index="10"><![CDATA[]]></page><page Index="11"><![CDATA[]]></page><page Index="12"><![CDATA[]]></page><page Index="13"><![CDATA[]]></page><page Index="14"><![CDATA[]]></page><page Index="15"><![CDATA[]]></page><page Index="16"><![CDATA[]]></page><page Index="17"><![CDATA[]]></page><page Index="18"><![CDATA[]]></page><page Index="19"><![CDATA[]]></page></pages></Search>